City,Lat,Lng,Max Temp,Humidity,Cloudiness,Wind Speed,Country,Date
lompoc,34.64,-120.46,78.8,56,1,3.36,US,1600802637
saskylakh,71.92,114.08,43.18,71,0,13.76,RU,1600802612
puerto ayora,-0.74,-90.35,71.01,78,96,10.0,EC,1600802638
bantogon,6.53,124.03,78.24,75,62,3.94,PH,1600802590
neiafu,-18.65,-173.98,73.4,94,75,4.7,TO,1600802638
hofn,64.25,-15.21,41.94,61,0,5.12,IS,1600802638
saint-philippe,-21.36,55.77,66.2,68,20,5.82,RE,1600802639
port elizabeth,-33.92,25.57,50.0,93,0,4.7,ZA,1600802639
albany,42.6,-73.97,69.01,28,0,6.85,US,1600802408
carutapera,-1.2,-46.02,84.52,62,9,11.3,BR,1600802586
ushuaia,-54.8,-68.3,44.6,72,20,17.22,AR,1600802556
oranjestad,12.52,-70.03,93.2,52,20,13.87,AW,1600802493
ponta do sol,32.67,-17.1,75.99,78,40,8.05,PT,1600802567
rockport,28.02,-97.05,80.6,83,75,16.11,US,1600802640
atuona,-9.8,-139.03,78.71,72,100,20.94,PF,1600802640
rikitea,-23.12,-134.97,72.52,76,98,19.33,PF,1600802640
ambulu,-8.35,113.61,75.51,91,37,2.24,ID,1600802641
dolinsk,47.35,142.8,39.2,93,0,6.71,RU,1600802641
new norfolk,-42.78,147.06,48.99,75,86,7.16,AU,1600802641
rossosh,51.12,38.51,56.12,56,0,6.42,RU,1600802642
palu,-0.89,119.87,76.41,81,97,2.19,ID,1600802642
cozumel,20.51,-86.95,91.4,63,20,8.05,MX,1600802642
nikolskoye,59.7,30.79,54.0,87,20,4.47,RU,1600802642
mataura,-46.19,168.86,52.0,94,53,7.0,NZ,1600802643
saldanha,-33.01,17.94,57.2,76,0,6.93,ZA,1600802643
vaini,-21.2,-175.2,71.6,88,90,10.29,TO,1600802643
east london,-33.02,27.91,62.6,82,6,9.17,ZA,1600802643
pisco,-13.7,-76.22,66.99,77,20,12.75,PE,1600802395
turukhansk,65.82,87.98,49.57,86,100,14.92,RU,1600802643
isangel,-19.55,169.27,62.6,93,20,11.39,VU,1600802644
norman wells,65.28,-126.83,46.4,75,75,4.7,CA,1600802644
cherskiy,68.75,161.3,34.43,86,100,6.71,RU,1600802577
bluff,-46.6,168.33,52.0,94,54,7.0,NZ,1600802513
leshukonskoye,64.9,45.76,43.43,83,100,12.17,RU,1600802626
busselton,-33.65,115.33,46.99,78,74,7.47,AU,1600802644
punta arenas,-53.15,-70.92,48.2,57,40,19.46,CL,1600802506
jamestown,42.1,-79.24,66.99,48,1,10.29,US,1600802644
hami,42.8,93.45,65.34,39,0,5.61,CN,1600802508
meulaboh,4.14,96.13,77.56,88,100,4.14,ID,1600802645
ribeira grande,38.52,-28.7,69.8,68,20,11.41,PT,1600802646
cape town,-33.93,18.42,59.0,82,0,14.99,ZA,1600802459
thompson,55.74,-97.86,53.6,76,75,13.87,CA,1600802647
tulsipur,28.13,82.3,81.0,72,98,4.0,NP,1600802647
okahandja,-21.98,16.92,73.99,11,44,5.82,NA,1600802648
coquimbo,-29.95,-71.34,57.2,82,75,12.75,CL,1600802648
langham,52.37,-106.97,64.4,48,75,10.29,CA,1600802648
shache,38.42,77.24,52.05,41,30,2.3,CN,1600802648
zhigansk,66.77,123.37,37.62,81,2,2.26,RU,1600802539
seymchan,62.88,152.43,26.87,92,10,0.94,RU,1600802649
mar del plata,-38.0,-57.56,66.2,32,100,16.11,AR,1600802452
mwinilunga,-11.74,24.43,71.67,28,86,3.0,ZM,1600802649
marawi,8.0,124.29,75.99,85,98,5.01,PH,1600802649
sala consilina,40.39,15.6,72.0,76,97,3.56,IT,1600802649
kuito,-12.38,16.93,69.76,52,37,3.36,AO,1600802650
moberly,39.42,-92.44,77.0,56,100,3.0,US,1600802650
lebu,-37.62,-73.65,53.19,73,23,18.48,CL,1600802650
guerrero negro,27.98,-114.06,87.15,37,0,9.28,MX,1600802609
radhanpur,23.83,71.6,88.34,60,100,6.04,IN,1600802651
sindgi,16.92,76.23,74.53,84,100,16.64,IN,1600802651
portland,45.52,-122.68,71.01,64,75,4.85,US,1600802620
olenegorsk,68.15,33.3,41.68,87,100,13.73,RU,1600802651
kodiak,57.79,-152.41,51.8,81,90,17.22,US,1600802652
ahipara,-35.17,173.17,54.91,90,64,7.85,NZ,1600802652
northam,51.03,-4.22,61.0,93,100,1.99,GB,1600802652
lagoa,39.05,-27.98,67.69,78,55,11.36,PT,1600802652
qaanaaq,77.48,-69.36,15.15,82,0,7.14,GL,1600802652
georgetown,5.41,100.34,78.8,94,40,5.82,MY,1600802576
tucuman,-26.82,-65.22,87.8,14,0,19.46,AR,1600802653
launceston,-41.45,147.17,45.0,87,87,14.99,AU,1600802454
sibolga,1.74,98.78,77.65,85,100,4.94,ID,1600802647
rock sound,24.9,-76.2,81.19,70,0,19.19,BS,1600802653
aksu,41.12,80.26,63.79,29,20,4.03,CN,1600802653
hilo,19.73,-155.09,80.6,61,90,5.61,US,1600802653
iqaluit,63.75,-68.51,33.8,86,90,11.41,CA,1600802405
tual,-5.67,132.75,81.03,83,82,18.68,ID,1600802654
bredasdorp,-34.53,20.04,51.8,87,0,3.36,ZA,1600802524
namatanai,-3.67,152.43,79.3,76,100,2.98,PG,1600802586
ocos,14.51,-92.19,89.6,70,40,6.93,GT,1600802654
lira,2.23,32.91,68.54,82,20,3.8,UG,1600802655
harper,4.38,-7.72,76.64,85,61,11.16,LR,1600802411
asau,46.43,26.4,50.0,90,7,3.06,RO,1600802655
hambantota,6.12,81.12,77.0,100,75,4.7,LK,1600802574
port alfred,-33.59,26.89,60.13,78,0,10.78,ZA,1600802506
nanortalik,60.14,-45.24,38.62,71,0,11.68,GL,1600802656
pevek,69.7,170.31,37.92,86,100,14.16,RU,1600802656
arraial do cabo,-22.97,-42.03,66.2,93,90,17.22,BR,1600802656
gizo,-8.1,156.84,81.75,74,36,8.43,SB,1600802656
hobart,-42.88,147.33,51.8,57,75,10.29,AU,1600802406
totness,5.88,-56.32,85.62,68,77,10.42,SR,1600802657
vila franca do campo,37.72,-25.43,69.8,73,20,6.93,PT,1600802367
yellowknife,62.46,-114.35,52.0,93,75,19.46,CA,1600802657
kapaa,22.08,-159.32,82.4,69,75,14.99,US,1600802657
kokopo,-4.35,152.26,76.98,81,100,4.0,PG,1600802657
barrow,71.29,-156.79,35.6,80,90,17.22,US,1600802402
hermanus,-34.42,19.23,54.0,87,0,1.99,ZA,1600802362
hithadhoo,-0.6,73.08,82.33,68,0,8.03,MV,1600802658
kasongo-lunda,-6.47,16.82,78.67,59,22,0.78,CD,1600802658
sorland,67.67,12.69,41.0,75,40,5.82,NO,1600802518
constitucion,-35.33,-72.42,62.24,53,100,15.03,CL,1600802658
port augusta,-32.5,137.77,51.8,81,3,8.05,AU,1600802658
sinnamary,5.38,-52.95,85.15,67,16,15.03,GF,1600802413
basco,20.45,121.97,82.11,75,100,17.87,PH,1600802659
yar-sale,66.83,70.83,40.39,71,100,11.1,RU,1600802659
port-cartier,50.03,-66.87,53.01,66,90,8.05,CA,1600802590
henties bay,-22.12,14.28,55.99,89,0,4.61,NA,1600802471
sao filipe,14.9,-24.5,80.85,80,12,7.87,CV,1600802572
port lincoln,-34.73,135.87,52.32,79,8,14.85,AU,1600802384
sao borja,-28.66,-56.0,73.24,47,0,7.92,BR,1600802660
dikson,73.51,80.55,41.54,89,6,16.93,RU,1600802543
masvingo,-20.06,30.83,57.58,78,19,8.72,ZW,1600802660
boa vista,2.82,-60.67,95.0,41,40,6.93,BR,1600802595
pokhara,28.23,83.98,70.81,85,100,1.12,NP,1600802660
opuwo,-18.06,13.84,68.54,32,0,6.67,NA,1600802660
remontnoye,46.56,43.65,59.0,28,13,6.71,RU,1600802661
tonantins,-2.87,-67.8,89.83,58,100,1.74,BR,1600802661
tarko-sale,64.92,77.78,39.0,90,100,12.59,RU,1600802661
saint-louis,16.33,-15.0,91.4,63,0,4.61,SN,1600802661
port hardy,50.7,-127.42,55.4,87,90,9.17,CA,1600802375
tubuala,9.52,-79.03,86.0,70,75,3.36,PA,1600802662
astaneh-ye ashrafiyeh,37.26,49.94,68.0,100,90,4.7,IR,1600802662
rio grande,-32.03,-52.1,57.36,60,0,11.05,BR,1600802662
kabalo,-6.05,26.92,77.09,75,100,0.76,CD,1600802662
wick,58.43,-3.08,57.2,82,100,18.34,GB,1600802641
butaritari,3.07,172.79,82.63,77,1,17.31,KI,1600802662
oktyabrskiy,54.48,53.47,53.94,78,100,17.2,RU,1600802663
tura,25.52,90.22,73.63,99,100,3.62,IN,1600802601
havre,49.58,0.33,63.0,93,75,3.36,FR,1600802663
ponta delgada,37.73,-25.67,69.8,73,20,6.93,PT,1600802663
khartoum,15.55,32.53,91.4,36,20,14.99,SD,1600802663
faisalabad,31.42,73.08,87.39,27,0,5.21,PK,1600802403
narsaq,60.92,-46.05,42.8,30,5,5.82,GL,1600802663
kargasok,59.06,80.86,37.85,89,13,8.63,RU,1600802664
rubiataba,-15.16,-49.8,80.37,58,100,6.08,BR,1600802664
victoria,22.29,114.16,82.99,81,44,1.01,HK,1600802509
azul,-36.78,-59.86,71.01,32,100,5.99,AR,1600802665
huarmey,-10.07,-78.15,68.22,65,8,10.07,PE,1600802665
avarua,-21.21,-159.78,77.0,94,89,11.41,CK,1600802665
srandakan,-7.94,110.25,76.14,87,82,5.88,ID,1600802619
stroitel,50.79,36.48,59.0,51,0,6.71,RU,1600802666
guadalajara,20.67,-103.33,80.01,50,40,4.7,MX,1600802409
pemba,-12.97,40.52,77.61,77,0,18.07,MZ,1600802666
ulladulla,-35.35,150.47,59.0,38,0,10.29,AU,1600802666
preeceville,51.95,-102.67,68.88,43,0,11.59,CA,1600802666
saanen,46.49,7.26,59.0,85,100,0.78,CH,1600802667
saint anthony,45.02,-93.22,81.0,44,1,5.82,US,1600802667
kattivakkam,13.22,80.32,84.2,79,75,4.7,IN,1600802667
shieli,44.17,66.75,54.86,39,100,8.21,KZ,1600802667
ellisras,-23.66,27.74,59.95,61,0,9.31,ZA,1600802668
akyab,20.15,92.9,81.61,85,100,7.67,MM,1600802540
bonga,7.28,36.23,61.56,88,97,1.07,ET,1600802668
klyuchi,52.27,79.17,47.91,61,100,7.16,RU,1600802668
tarrafal,15.28,-23.77,82.4,78,20,8.05,CV,1600802668
emerald,-23.53,148.17,71.6,78,100,6.93,AU,1600802668
mahebourg,-20.41,57.7,69.8,73,40,5.82,MU,1600802668
san javier,37.81,-0.84,75.99,64,100,9.17,ES,1600802669
dakar,14.69,-17.44,84.2,83,75,9.17,SN,1600802661
kununurra,-15.77,128.73,78.8,94,40,5.82,AU,1600802669
tuktoyaktuk,69.45,-133.04,39.2,86,90,2.24,CA,1600802669
novikovo,51.15,37.89,56.32,55,0,5.41,RU,1600802669
hyvinkaa,60.63,24.87,50.0,100,57,4.7,FI,1600802670
carnarvon,-24.87,113.63,55.4,71,0,8.05,AU,1600802670
araceli,10.55,119.99,82.8,76,60,5.35,PH,1600802670
kloulklubed,7.04,134.26,75.2,94,75,5.61,PW,1600802670
torbay,47.67,-52.73,53.01,81,90,16.11,CA,1600802671
bandundu,-3.32,17.37,78.3,77,1,2.08,CD,1600802671
buenos aires,-34.61,-58.38,68.0,59,100,6.93,AR,1600802511
severo-kurilsk,50.68,156.12,47.79,86,74,8.43,RU,1600802671
igarka,67.47,86.58,47.68,83,100,3.24,RU,1600802671
cabo san lucas,22.89,-109.91,89.6,70,20,8.05,MX,1600802402
pringsewu,-5.36,104.97,74.26,92,75,4.41,ID,1600802672
chokurdakh,70.63,147.92,41.41,92,100,8.48,RU,1600802672
hamilton,39.18,-84.53,77.0,33,1,3.36,US,1600802672
honiara,-9.43,159.95,73.4,94,20,4.7,SB,1600802412
bethel,41.37,-73.41,66.99,29,1,16.11,US,1600802672
jutai,-5.18,-68.9,93.29,44,95,2.33,BR,1600802672
sitka,57.05,-135.33,57.2,58,90,28.86,US,1600802673
svetlaya,46.54,138.33,55.8,82,70,7.16,RU,1600802673
tabou,4.42,-7.35,76.57,85,66,10.76,CI,1600802673
vostok,46.49,135.88,42.22,98,90,3.65,RU,1600802673
margate,51.38,1.39,66.99,78,26,1.01,GB,1600802458
cidreira,-30.18,-50.21,59.16,63,0,13.38,BR,1600802673
sao desiderio,-12.36,-44.97,97.88,19,100,4.88,BR,1600802674
cayenne,4.93,-52.33,89.6,62,20,17.22,GF,1600802428
tiksi,71.69,128.87,42.28,74,38,17.92,RU,1600802527
palmer,42.16,-72.33,71.6,15,75,11.41,US,1600802389
erenhot,43.65,111.98,54.99,40,16,3.58,CN,1600802675
vicuna,-30.03,-70.71,57.2,82,75,12.75,CL,1600802675
worland,44.02,-107.96,79.0,23,1,3.36,US,1600802675
pangnirtung,66.15,-65.71,41.0,44,20,4.7,CA,1600802676
nome,64.5,-165.41,42.8,75,75,4.7,US,1600802676
pacific grove,36.62,-121.92,64.0,77,1,8.05,US,1600802533
husavik,66.04,-17.34,37.4,85,75,10.29,IS,1600802620
chimbote,-9.09,-78.58,65.71,74,55,10.74,PE,1600802677
nadym,65.53,72.52,37.26,80,81,11.27,RU,1600802678
vila velha,-20.33,-40.29,81.0,78,40,16.11,BR,1600802678
port blair,11.67,92.75,81.95,81,100,5.86,IN,1600802678
khatanga,71.97,102.5,46.17,75,29,11.39,RU,1600802679
arona,28.1,-16.68,77.0,73,100,3.36,ES,1600802679
nkhata bay,-11.61,34.29,75.87,55,0,3.91,MW,1600802680
mazara del vallo,37.66,12.59,78.8,83,20,8.05,IT,1600802680
kaitangata,-46.28,169.85,51.01,72,31,1.99,NZ,1600802680
camacha,33.08,-16.33,73.4,83,40,11.7,PT,1600802681
katsuura,35.13,140.3,69.8,88,75,14.99,JP,1600802681
vestmannaeyjar,63.44,-20.27,41.0,80,40,12.75,IS,1600802681
hasaki,35.73,140.83,69.8,94,75,9.17,JP,1600802681
huangchuan,32.13,115.04,62.4,96,100,5.68,CN,1600802682
faya,18.39,42.45,75.2,13,0,4.16,SA,1600802682
plover,44.46,-89.54,78.01,53,40,5.82,US,1600802682
omsukchan,62.53,155.8,26.71,91,0,2.13,RU,1600802682
ilulissat,69.22,-51.1,26.6,68,40,2.24,GL,1600802682
olafsvik,64.89,-23.71,41.72,74,99,14.54,IS,1600802595
ust-kulom,61.69,53.69,40.32,88,50,10.65,RU,1600802683
stony plain,53.53,-114.0,62.6,55,20,9.17,CA,1600802471
clyde river,70.47,-68.59,33.8,69,40,6.93,CA,1600802683
samarai,-10.62,150.67,78.35,86,100,17.34,PG,1600802683
kalianget,-7.05,113.93,81.25,77,33,2.19,ID,1600802683
biak,-0.91,122.88,77.11,81,96,6.62,ID,1600802592
ternate,0.8,127.4,80.4,79,59,3.96,ID,1600802684
ca mau,9.18,105.15,77.07,92,100,2.39,VN,1600802684
brae,60.4,-1.35,55.4,87,75,20.8,GB,1600802684
provideniya,64.38,-173.3,41.0,74,0,2.24,RU,1600802684
los llanos de aridane,28.66,-17.92,75.2,88,40,5.82,ES,1600802684
tasiilaq,65.61,-37.64,30.2,74,90,12.75,GL,1600802553
mareeba,-17.0,145.43,70.0,94,75,2.24,AU,1600802685
khilok,51.37,110.47,32.25,96,0,1.86,RU,1600802685
kyrylivka,46.38,35.37,65.82,51,0,10.69,UA,1600802685
mbuji-mayi,-6.15,23.6,76.84,72,9,1.3,CD,1600802685
kavieng,-2.57,150.8,82.26,70,100,7.83,PG,1600802514
solnechnyy,50.72,136.63,43.54,81,15,2.39,RU,1600802685
esperance,-33.87,121.9,46.4,100,90,5.82,AU,1600802686
tilichiki,60.47,166.1,30.92,95,2,5.41,RU,1600802686
manavalakurichi,8.13,77.3,78.8,100,75,14.94,IN,1600802686
atikokan,48.76,-91.62,74.08,37,36,7.63,CA,1600802686
tiznit,29.58,-9.5,79.84,32,90,5.77,MA,1600802551
aswan,24.09,32.91,96.22,19,0,16.62,EG,1600802687
korba,22.35,82.68,75.92,93,100,3.38,IN,1600802687
necochea,-38.55,-58.74,71.01,37,12,20.0,AR,1600802688
adrar,20.5,-10.07,101.55,13,20,4.29,MR,1600802389
bhadrachalam,17.67,80.88,77.45,91,99,4.54,IN,1600802688
marovoay,-16.1,46.63,78.8,78,20,5.82,MG,1600802688
akureyri,65.68,-18.09,37.4,77,75,10.29,IS,1600802689
bahia honda,22.9,-83.16,82.2,81,100,8.81,CU,1600802689
bengkulu,-3.8,102.27,78.1,85,98,7.43,ID,1600802524
bukama,-9.2,25.85,81.59,49,12,8.57,CD,1600802689
kaeo,-35.1,173.78,52.0,95,26,6.98,NZ,1600802689
banda aceh,5.56,95.32,80.67,75,100,4.7,ID,1600802689
manokwari,-0.87,134.08,78.42,78,43,5.12,ID,1600802690
puerto el triunfo,13.28,-88.55,96.8,53,20,8.57,SV,1600802690
morant bay,17.88,-76.41,88.0,66,40,11.41,JM,1600802645
roswell,34.02,-84.36,72.0,43,1,3.36,US,1600802690
sinegorye,62.08,150.48,29.32,88,0,1.97,RU,1600802690
shenzhen,22.55,114.07,84.0,83,100,4.47,CN,1600802631
kenai,60.55,-151.26,51.8,66,75,21.92,US,1600802690
san-pedro,4.75,-6.64,75.85,87,87,8.99,CI,1600802691
ketchikan,55.34,-131.65,57.2,76,90,25.28,US,1600802614
saint george,37.1,-113.58,89.6,21,1,4.7,US,1600802691
imbituba,-28.24,-48.67,64.4,48,75,10.29,BR,1600802691
lavumisa,-27.31,31.89,57.94,76,0,2.82,SZ,1600802691
oliveira dos brejinhos,-12.32,-42.9,99.97,14,25,3.15,BR,1600802692
ixtapa,20.7,-105.2,89.01,66,20,5.82,MX,1600802692
machiques,10.06,-72.55,90.39,58,100,2.44,VE,1600802692
kholm,59.27,32.85,54.95,79,100,5.32,RU,1600802692
fort nelson,58.81,-122.7,48.2,61,75,4.7,CA,1600802693
castro,-24.79,-50.01,63.55,62,92,12.17,BR,1600802549
ucluelet,48.93,-125.55,59.0,87,90,13.87,CA,1600802461
alta floresta,-9.88,-56.09,75.2,78,75,4.7,BR,1600802592
camargo,27.67,-105.17,81.99,16,0,3.51,MX,1600802693
lebedinyy,58.52,125.52,35.42,83,0,2.46,RU,1600802693
acheng,45.55,126.98,51.8,100,76,2.24,CN,1600802693
coihaique,-45.58,-72.07,51.8,58,75,12.75,CL,1600802694
buchanan,5.88,-10.05,77.56,85,30,9.13,LR,1600802694
chaman,30.92,66.45,61.2,28,0,4.14,PK,1600802694
mangrol,21.12,70.12,82.36,86,100,18.34,IN,1600802694
kenora,49.82,-94.43,71.6,40,20,8.05,CA,1600802694
salalah,17.02,54.09,80.6,88,75,6.93,OM,1600802695
vilhena,-12.74,-60.15,84.2,48,50,8.05,BR,1600802695
tuatapere,-46.13,167.68,52.0,94,65,7.0,NZ,1600802695
lorengau,-2.02,147.27,81.63,79,63,8.77,PG,1600802695
aklavik,68.22,-135.01,39.2,93,75,2.24,CA,1600802696
kisangani,0.52,25.2,77.0,88,0,3.36,CD,1600802696
affery,6.32,-3.96,74.64,95,99,4.79,CI,1600802696
afrikanda,67.44,32.78,42.96,70,34,21.39,RU,1600802696
port-gentil,-0.72,8.78,78.8,83,75,14.45,GA,1600802696
bambous virieux,-20.34,57.76,69.8,73,40,5.82,MU,1600802696
esmeralda,21.85,-78.12,80.6,83,75,6.93,CU,1600802696
fairmont,39.49,-80.14,71.01,38,27,5.12,US,1600802697
mandera,3.94,41.87,86.43,36,82,19.3,KE,1600802697
sarankhola,22.31,89.79,80.04,92,99,5.46,BD,1600802697
kavaratti,10.57,72.64,81.66,80,99,21.61,IN,1600802697
fairbanks,64.84,-147.72,43.0,86,1,1.48,US,1600802698
pocri,8.27,-80.55,87.8,70,40,6.93,PA,1600802698
upernavik,72.79,-56.15,28.02,85,59,4.36,GL,1600802698
kutum,14.2,24.67,84.33,36,77,6.4,SD,1600802698
ostrovnoy,68.05,39.51,44.47,81,100,18.97,RU,1600802698
mogadishu,2.04,45.34,78.33,85,47,14.81,SO,1600802699
vanavara,60.34,102.28,38.53,92,0,3.36,RU,1600802699
veraval,20.9,70.37,81.68,86,100,15.43,IN,1600802699
novo aripuana,-5.12,-60.38,87.67,57,100,2.75,BR,1600802699
iskateley,67.68,53.15,41.99,95,100,8.97,RU,1600802639
saint paul,44.94,-93.09,82.0,51,1,8.05,US,1600802575
clearlake,38.96,-122.63,82.99,40,0,1.01,US,1600802696
nakhon si thammarat,8.43,99.97,78.24,85,100,3.8,TH,1600802700
geraldton,-28.77,114.6,48.2,93,0,6.93,AU,1600802700
korla,41.76,86.15,64.38,28,0,3.06,CN,1600802700
laguna,38.42,-121.42,82.0,41,1,4.81,US,1600802546
puerto del rosario,28.5,-13.86,80.6,69,77,11.41,ES,1600802700
san patricio,19.22,-104.7,91.4,70,40,11.41,MX,1600802701
sharjah,25.36,55.4,91.4,70,0,3.36,AE,1600802701
yatou,37.15,122.38,62.28,71,99,4.23,CN,1600802701
atlantic city,39.36,-74.42,71.6,28,1,14.99,US,1600802632
diamantino,-14.41,-56.45,98.28,25,5,5.59,BR,1600802701
makakilo city,21.35,-158.09,82.4,58,20,5.82,US,1600802577
jaru,-10.44,-62.47,94.69,39,50,3.47,BR,1600802702
chuy,-33.7,-53.46,57.94,60,44,9.1,UY,1600802702
kahului,20.89,-156.47,82.4,58,20,11.41,US,1600802443
novobelokatay,55.71,58.95,47.3,91,100,19.53,RU,1600802702
naze,28.37,129.48,80.6,88,90,17.22,JP,1600802515
trairi,-3.28,-39.27,82.58,65,1,16.35,BR,1600802702
alofi,-19.06,-169.92,68.0,94,100,3.36,NU,1600802703
paysandu,-32.32,-58.08,71.01,30,100,3.0,UY,1600802703
milkovo,54.72,158.62,40.77,91,100,2.19,RU,1600802703
ishikari,43.24,141.35,60.01,100,33,11.79,JP,1600802703
ozark,37.02,-93.21,69.01,82,100,3.78,US,1600802704
quatre cocos,-20.21,57.76,69.8,73,40,5.82,MU,1600802704
havoysund,71.0,24.66,42.8,87,75,31.09,NO,1600802520
iquitos,-3.75,-73.25,86.0,70,75,5.82,PE,1600802424
tecoanapa,16.52,-98.75,85.28,68,18,9.55,MX,1600802704
ambanja,-13.68,48.45,74.3,86,31,0.34,MG,1600802704
athabasca,54.72,-113.29,60.44,51,0,5.73,CA,1600802413
luba,3.46,8.55,77.0,100,20,11.41,GQ,1600802705
tateyama,34.98,139.87,66.99,92,100,1.99,JP,1600802705
rapar,23.57,70.63,87.28,69,97,10.29,IN,1600802705
ouesso,1.61,16.05,72.57,94,100,4.99,CG,1600802705
pontianak,-0.03,109.33,74.19,91,100,3.56,ID,1600802706
charters towers,-20.1,146.27,66.78,93,61,7.14,AU,1600802582
rawson,-43.3,-65.1,63.84,29,0,15.39,AR,1600802612
savinka,50.08,47.1,58.59,57,100,9.31,RU,1600802706
bambanglipuro,-7.95,110.28,75.97,88,78,5.93,ID,1600802706
karratha,-20.74,116.85,69.8,30,0,10.8,AU,1600802706
panaba,21.28,-88.27,89.29,63,37,6.78,MX,1600802707
lavrentiya,65.58,-171.0,38.35,90,74,6.73,RU,1600802707
vilyuysk,63.76,121.62,41.16,85,0,2.46,RU,1600802707
balotra,25.83,72.23,91.2,37,0,10.36,IN,1600802707
keita,14.76,5.77,82.4,69,0,7.56,NE,1600802707
urumqi,43.8,87.6,62.6,33,0,8.95,CN,1600802530
seoul,37.57,126.98,62.6,59,75,3.36,KR,1600802446
bathsheba,13.22,-59.52,89.6,62,40,12.75,BB,1600802708
souillac,-20.52,57.52,69.8,73,40,5.82,MU,1600802708
novo oriente,-5.53,-40.77,97.39,21,0,8.03,BR,1600802708
kyaukse,21.6,96.13,78.8,83,100,7.34,MM,1600802709
sergeyevka,53.88,67.42,43.74,83,100,11.1,KZ,1600802709
aksay,47.26,39.87,57.2,28,4,2.24,RU,1600802709
kawalu,-7.38,108.21,71.69,93,82,2.19,ID,1600802710
taganak,6.08,118.3,77.0,94,20,2.24,PH,1600802710
oranjemund,-28.55,16.43,67.78,34,0,20.4,NA,1600802710
ancud,-41.87,-73.82,52.05,63,36,7.4,CL,1600802710
fayaoue,-20.65,166.53,71.69,82,0,13.31,NC,1600802710
todos santos,23.45,-110.22,87.01,77,2,5.99,MX,1600802710
miles city,46.41,-105.84,78.8,19,1,5.82,US,1600802711
tabuk,17.42,121.44,74.35,86,97,1.03,PH,1600802560
zehdenick,52.98,13.33,64.4,63,0,1.12,DE,1600802711
wewak,-3.55,143.63,78.17,85,100,7.2,PG,1600802711
conde,-7.26,-34.91,80.6,74,40,16.11,BR,1600802712
baiyin,36.56,104.21,55.99,100,87,4.47,CN,1600802712
akersberga,59.48,18.3,52.0,93,100,4.7,SE,1600802712
mount isa,-20.73,139.5,75.2,33,75,11.41,AU,1600802712
plettenberg bay,-34.05,23.37,56.35,67,0,2.71,ZA,1600802712
aripuana,-9.17,-60.63,92.61,43,100,1.63,BR,1600802675
lexington park,38.27,-76.45,71.6,37,1,11.41,US,1600802713
beidao,34.57,105.89,53.58,82,0,2.84,CN,1600802713
onokhoy,51.93,108.07,32.0,78,0,6.71,RU,1600802713
zorritos,-3.68,-80.68,77.0,78,40,10.45,PE,1600802585
neepawa,50.23,-99.47,80.6,30,20,13.87,CA,1600802713
langsa,4.47,97.97,75.7,92,96,2.19,ID,1600802713
garmsar,35.22,52.34,70.72,35,0,3.2,IR,1600802714
tomigusuku,26.18,127.67,78.8,88,20,6.93,JP,1600802714
ishigaki,24.34,124.16,79.81,75,90,13.49,JP,1600802714
tangermunde,52.54,11.98,66.99,53,0,1.63,DE,1600802714
deputatskiy,69.3,139.9,35.96,91,99,4.85,RU,1600802715
maarianhamina,60.1,19.93,51.8,93,91,5.82,AX,1600802715
san felipe,10.34,-68.74,91.42,48,100,7.14,VE,1600802715
ust-nera,64.57,143.2,36.39,80,78,5.06,RU,1600802715
casselman,45.32,-75.08,66.99,44,0,1.99,CA,1600802715
cockburn town,21.46,-71.14,82.4,74,40,6.93,TC,1600802609
hobyo,5.35,48.53,78.15,80,100,26.4,SO,1600802716
tshikapa,-6.42,20.8,77.59,70,10,3.04,CD,1600802716
touros,-5.2,-35.46,82.4,61,20,13.87,BR,1600802716
tongzi,28.78,105.09,64.06,89,100,3.27,CN,1600802716
channel-port aux basques,47.57,-59.14,49.87,87,100,28.61,CA,1600802716
disna,55.57,28.2,54.77,89,0,6.46,BY,1600802717
yei,4.09,30.68,68.16,90,0,1.61,SS,1600802717
nelson bay,-32.72,152.15,57.2,62,0,9.17,AU,1600802717
taquaritinga,-21.41,-48.5,74.97,61,80,15.26,BR,1600802718
varhaug,58.61,5.65,55.0,99,100,5.01,NO,1600802718
chicama,-7.84,-79.15,74.84,52,17,11.25,PE,1600802718
luderitz,-26.65,15.16,67.39,37,0,12.77,NA,1600802719
carman,49.5,-98.0,84.2,28,20,13.87,CA,1600802626
te anau,-45.42,167.72,47.8,90,40,2.71,NZ,1600802719
batemans bay,-35.72,150.18,48.99,72,0,8.99,AU,1600802719
batticaloa,7.71,81.69,82.08,66,25,12.55,LK,1600802719
millet,53.1,-113.47,62.6,45,20,9.17,CA,1600802673
phonhong,18.5,102.42,76.62,94,100,1.72,LA,1600802720
antonina,-25.43,-48.71,62.6,63,75,11.41,BR,1600802677
thinadhoo,0.53,72.93,82.33,71,36,9.15,MV,1600802720
bubaque,11.28,-15.83,81.61,78,0,8.68,GW,1600802720
bangkalan,-7.05,112.74,80.69,78,31,6.55,ID,1600802720
egvekinot,66.32,-179.17,35.76,81,0,2.42,RU,1600802544
santa maria,-29.68,-53.81,68.0,49,0,12.75,BR,1600802721
xuddur,4.12,43.89,80.6,48,100,18.52,SO,1600802721
guadalupe y calvo,26.1,-106.97,74.62,38,10,4.03,MX,1600802721
pincher creek,49.48,-113.95,55.99,66,100,3.36,CA,1600802520
fortuna,40.6,-124.16,70.0,72,90,9.17,US,1600802722
beringovskiy,63.05,179.32,40.3,69,63,6.73,RU,1600802722
la serena,-29.91,-71.25,57.2,82,75,12.75,CL,1600802722
ambilobe,-13.2,49.05,71.11,76,19,4.23,MG,1600802722
cururupu,-1.83,-44.87,83.89,64,95,7.58,BR,1600802722
santa barbara,34.42,-119.7,79.0,58,7,1.01,US,1600802723
edson,53.58,-116.44,57.2,62,1,4.7,CA,1600802572
faanui,-16.48,-151.75,77.95,78,9,19.24,PF,1600802723
codrington,-38.27,141.97,47.26,91,78,9.91,AU,1600802585
szczecin,53.43,14.55,66.0,68,0,4.41,PL,1600802723
creel,27.75,-107.63,73.69,37,3,1.66,MX,1600802723
nouakchott,18.09,-15.98,84.2,74,0,13.87,MR,1600802723
college,64.86,-147.8,43.0,75,40,1.52,US,1600802724
atar,20.52,-13.05,99.12,24,0,7.49,MR,1600802724
beloha,-25.17,45.05,64.47,71,81,12.46,MG,1600802724
texarkana,33.43,-94.05,64.4,93,90,5.82,US,1600802724
pedernales,18.04,-71.74,91.4,55,40,13.87,DO,1600802724
killybegs,54.63,-8.45,53.6,100,90,18.34,IE,1600802724
pinega,64.7,43.39,44.74,73,87,12.97,RU,1600802725
katangli,51.71,143.23,39.38,83,0,3.89,RU,1600802725
primo tapia,32.22,-116.92,80.6,57,1,6.93,MX,1600802725
humberto de campos,-2.6,-43.46,87.46,55,24,10.58,BR,1600802725
lamu,-2.27,40.9,77.43,87,26,16.37,KE,1600802725
sarny,51.34,26.6,59.85,67,26,6.42,UA,1600802726
tomakomai,42.64,141.6,63.0,100,75,3.36,JP,1600802726
tirat karmel,32.76,34.97,77.0,82,0,8.32,IL,1600802726
bilma,18.69,12.92,93.34,13,0,6.33,NE,1600802601
villa carlos paz,-31.42,-64.5,79.0,15,0,23.04,AR,1600802649
malko tarnovo,41.98,27.53,64.0,67,0,10.29,BG,1600802726
colon,9.36,-79.9,87.8,94,75,12.75,PA,1600802726
bonnyville,54.27,-110.73,59.0,47,20,3.36,CA,1600802727
la ronge,55.1,-105.28,57.2,54,40,6.93,CA,1600802727
kamina,-8.74,24.99,76.28,45,100,3.44,CD,1600802727
raudeberg,61.99,5.14,54.0,92,100,26.57,NO,1600802727
dicabisagan,17.08,122.42,79.03,81,100,5.14,PH,1600802727
leningradskiy,69.38,178.42,38.73,88,100,16.42,RU,1600802519
oriximina,-1.77,-55.87,94.35,42,73,4.83,BR,1600802728
luzhou,28.87,105.44,65.93,82,100,0.94,CN,1600802728
ruteng,-8.61,120.47,61.88,93,49,1.77,ID,1600802729
koson,39.04,65.58,53.6,46,0,4.7,UZ,1600802729
adre,13.47,22.2,82.15,34,0,7.2,TD,1600802729
valdivia,-39.81,-73.25,57.2,54,75,3.36,CL,1600802729
gombong,-7.61,109.51,75.78,88,49,4.41,ID,1600802729
chikwawa,-16.03,34.8,78.06,53,0,12.26,MW,1600802729
virginia beach,36.85,-75.98,70.0,47,0,1.01,US,1600802559
xingtai,37.06,114.49,66.25,75,100,6.67,CN,1600802730
najran,17.49,44.13,84.2,12,44,4.7,SA,1600802730
svetlyy,54.67,20.13,62.01,87,0,4.47,RU,1600802730
sistranda,63.73,8.83,46.4,100,75,6.93,NO,1600802730
bulgan,48.81,103.53,42.51,89,5,2.71,MN,1600802731
houma,29.6,-90.72,78.01,82,100,8.01,US,1600802731
comodoro rivadavia,-45.87,-67.5,66.2,35,20,13.87,AR,1600802731
dullewala,31.84,71.44,92.1,23,0,5.77,PK,1600802732
manadhoo,5.77,73.38,81.55,78,100,14.36,MV,1600802732
galesong,-5.32,119.37,73.4,100,20,2.24,ID,1600802732
hastinapur,29.17,78.02,82.45,71,100,6.04,IN,1600802732
marsh harbour,26.54,-77.06,80.35,68,15,19.28,BS,1600802732
grindavik,63.84,-22.43,41.0,75,20,5.82,IS,1600802732
atambua,-9.11,124.89,71.22,86,6,4.5,ID,1600802733
paamiut,61.99,-49.67,37.83,78,0,14.23,GL,1600802733
carmen,18.63,-91.83,86.0,70,75,4.85,MX,1600802733
xiaoweizhai,26.19,107.51,61.34,90,100,5.41,CN,1600802733
odienne,9.51,-7.57,75.85,84,34,1.79,CI,1600802733
sinjar,36.32,41.88,79.27,26,0,11.16,IQ,1600802734
mahibadhoo,3.78,72.97,82.06,78,99,12.28,MV,1600802623
scottsbluff,41.87,-103.67,84.99,26,1,6.33,US,1600802734
havelock,34.88,-76.9,72.0,40,1,10.29,US,1600802561
kalmunai,7.42,81.82,82.54,65,77,7.18,LK,1600802734
anaconda,46.13,-112.94,73.99,24,1,5.82,US,1600802734
kanbe,16.71,96.0,78.8,88,75,2.24,MM,1600802735
coari,-4.08,-63.14,86.88,63,100,2.08,BR,1600802735
pochutla,15.74,-96.47,91.4,55,20,9.17,MX,1600802735
yendi,9.44,-0.01,75.7,91,100,3.8,GH,1600802735
half moon bay,37.46,-122.43,75.0,77,5,5.82,US,1600802565
blois,47.58,1.33,64.0,93,99,3.36,FR,1600802542
mandalgovi,45.76,106.27,50.23,45,0,5.73,MN,1600802736
inhambane,-23.86,35.38,65.41,74,35,9.75,MZ,1600802736
bollnas,61.35,16.39,50.99,83,99,5.44,SE,1600802737
otane,-39.88,176.63,55.0,70,100,7.0,NZ,1600802737
richards bay,-28.78,32.04,61.18,75,0,7.16,ZA,1600802737
berlevag,70.86,29.09,42.8,93,75,5.82,NO,1600802738
ascension,30.22,-90.9,77.0,78,90,6.93,US,1600802738
miri,4.41,114.01,75.2,94,40,6.93,MY,1600802738
chapais,49.78,-74.85,66.2,42,75,14.99,CA,1600802738
tondano,1.3,124.91,73.4,94,40,1.12,ID,1600802739
kulachi,31.93,70.46,90.28,20,0,3.85,PK,1600802739
nuristan,35.3,70.83,37.17,65,0,7.87,AF,1600802739
taoudenni,22.68,-3.98,103.44,8,1,7.99,ML,1600802739
malakal,9.53,31.66,77.43,78,97,3.53,SS,1600802739
florianopolis,-27.61,-48.5,69.01,48,75,10.29,BR,1600802740
shimoda,34.67,138.95,63.0,96,100,5.01,JP,1600802740
honningsvag,70.98,25.97,42.8,93,75,5.82,NO,1600802740
nabire,-3.37,135.48,74.97,91,100,2.44,ID,1600802740
kamenka,51.32,42.77,59.0,62,34,9.08,RU,1600802740
shingu,33.73,135.98,68.67,88,100,16.17,JP,1600802741
qiongshan,20.01,110.35,77.0,100,40,2.24,CN,1600802741
marrakesh,31.63,-8.01,89.6,21,40,5.82,MA,1600802507
taguatinga,-12.39,-46.57,98.91,21,79,3.91,BR,1600802741
lulea,65.58,22.15,46.4,60,100,4.7,SE,1600802741
north platte,41.12,-100.77,87.8,23,1,12.75,US,1600802741
requena,39.49,-1.1,69.01,53,0,8.5,ES,1600802742
carnaiba,-8.7,-37.67,90.23,37,85,18.28,BR,1600802742
tezu,27.92,96.17,74.1,87,100,2.26,IN,1600802742
puri,19.8,85.85,82.4,94,20,8.05,IN,1600802659
zyryanka,65.75,150.85,35.38,86,72,8.14,RU,1600802742
alyangula,-13.85,136.42,68.0,94,0,6.82,AU,1600802743
sorong,-0.88,131.25,78.1,85,100,3.76,ID,1600802743
aloleng,16.13,119.78,82.94,73,100,3.69,PH,1600802743
fukue,32.69,128.84,73.98,82,24,23.55,JP,1600802743
dubbo,-32.25,148.62,42.8,93,0,1.12,AU,1600802743
voronezhskaya,45.21,39.57,66.99,55,0,8.95,RU,1600802743
vega baja,18.44,-66.39,87.8,70,75,6.93,PR,1600802744
calama,-22.47,-68.93,77.0,7,0,19.46,CL,1600802744
rajula,21.05,71.43,78.82,86,100,9.08,IN,1600802744
laurel,39.1,-76.85,73.4,42,1,10.29,US,1600802623
hailar,49.2,119.7,45.88,94,100,0.94,CN,1600802486
san policarpo,12.18,125.51,78.04,88,82,4.83,PH,1600802744
almeria,37.17,-2.33,73.99,88,20,4.7,ES,1600802745
tautira,-17.73,-149.15,84.2,66,20,14.99,PF,1600802745
nichinan,31.6,131.37,72.59,76,63,13.11,JP,1600802745
tommot,58.96,126.29,38.98,75,0,2.28,RU,1600802745
show low,34.25,-110.03,78.8,20,40,6.93,US,1600802710
osa,57.28,55.46,51.19,88,100,16.96,RU,1600802746
taitung,22.76,121.14,78.13,78,100,7.47,TW,1600802746
broken hill,-31.95,141.43,50.0,71,0,8.05,AU,1600802746
wattegama,6.8,81.48,77.0,100,75,4.7,LK,1600802746
campbell river,50.02,-125.24,62.01,82,75,6.93,CA,1600802746
helong,42.54,129.0,51.71,87,94,1.68,CN,1600802747
derzhavinsk,51.1,66.32,42.6,76,57,10.45,KZ,1600802747
padang,-0.95,100.35,79.21,76,81,4.21,ID,1600802496
narrabri,-30.32,149.78,48.2,70,0,5.82,AU,1600802747
hualmay,-11.1,-77.61,67.51,65,21,9.55,PE,1600802747
isabela,6.71,121.97,77.0,100,75,1.12,PH,1600802748
segovia,41.17,-4.0,66.2,59,75,8.05,ES,1600802748
kuusamo,65.97,29.18,42.8,52,3,10.29,FI,1600802748
liepaja,56.54,21.04,51.8,93,79,8.25,LV,1600802748
mount gambier,-37.83,140.77,46.4,100,75,9.17,AU,1600802553
saint-georges,12.06,-61.75,89.6,66,40,16.11,GD,1600802748
tabas,33.6,56.92,80.6,22,0,4.7,IR,1600802697
hay river,60.82,-115.8,59.0,54,20,11.41,CA,1600802688
kieta,-6.22,155.63,79.88,73,100,3.06,PG,1600802749
awbari,26.59,12.78,81.63,24,0,8.23,LY,1600802749
anda,46.4,125.32,49.37,97,83,3.09,CN,1600802749
